{
    "variants": {
        "": [
            { "model": "block/netherrack" },
            { "model": "block/netherrack", "x": 0 },
            { "model": "block/netherrack", "x": 0 },
            { "model": "block/netherrack", "x": 0 },
            { "model": "block/netherrack", "y": 0 },
            { "model": "block/netherrack", "y": 0, "x": 0 },
            { "model": "block/netherrack", "y": 0, "x": 0 },
            { "model": "block/netherrack", "y": 0, "x": 0 },
            { "model": "block/netherrack", "y": 0 },
            { "model": "block/netherrack", "y": 0, "x": 0 },
            { "model": "block/netherrack", "y": 0, "x": 0 },
            { "model": "block/netherrack", "y": 0, "x": 0 },
            { "model": "block/netherrack", "y": 0 },
            { "model": "block/netherrack", "y": 0, "x": 0 },
            { "model": "block/netherrack", "y": 0, "x": 0 },
            { "model": "block/netherrack", "y": 0, "x": 0 }
        ]
    }
}
